Time(s),Normal_PPG,AFib_PPG
0.0,0.410557184750733,0.537634408602151
0.008,0.400782013685239,0.534701857282502
0.016,0.391006842619746,0.531769305962854
0.024,0.382209188660802,0.528836754643206
0.032,0.372434017595308,0.524926686217009
0.04,0.363636363636364,0.520039100684262
0.048,0.355816226783969,0.515151515151515
0.056,0.348973607038123,0.509286412512219
0.064,0.344086021505376,0.504398826979472
0.07200000000000001,0.339198435972629,0.500488758553275
0.08,0.335288367546432,0.497556207233627
0.088,0.330400782013685,0.495601173020528
0.096,0.325513196480938,0.494623655913978
0.10400000000000001,0.320625610948192,0.494623655913978
0.112,0.316715542521994,0.494623655913978
0.12,0.311827956989247,0.495601173020528
0.128,0.30791788856305,0.496578690127077
0.136,0.304007820136852,0.497556207233627
0.14400000000000002,0.301075268817204,0.497556207233627
0.152,0.298142717497556,0.495601173020528
0.16,0.296187683284457,0.49266862170088
0.168,0.295210166177908,0.488758553274682
0.176,0.293255131964809,0.483870967741935
0.184,0.291300097751711,0.476050830889541
0.192,0.289345063538612,0.467253176930596
0.2,0.285434995112414,0.456500488758553
0.20800000000000002,0.282502443792766,0.444770283479961
0.216,0.279569892473118,0.433040078201369
0.224,0.27761485826002,0.421309872922776
0.232,0.275659824046921,0.411534701857283
0.24,0.273704789833822,0.401759530791789
0.248,0.271749755620723,0.392961876832845
0.256,0.270772238514174,0.386119257086999
0.264,0.269794721407625,0.380254154447703
0.272,0.269794721407625,0.375366568914956
0.28,0.268817204301075,0.370478983382209
0.28800000000000003,0.267839687194526,0.365591397849462
0.296,0.266862170087977,0.361681329423265
0.304,0.265884652981427,0.357771260997067
0.312,0.263929618768328,0.354838709677419
0.32,0.262952101661779,0.352883675464321
0.328,0.26099706744868,0.350928641251222
0.336,0.26099706744868,0.349951124144673
0.34400000000000003,0.260019550342131,0.348973607038123
0.352,0.260019550342131,0.348973607038123
0.36,0.26099706744868,0.347996089931574
0.368,0.26197458455523,0.347996089931574
0.376,0.26197458455523,0.347996089931574
0.384,0.26197458455523,0.346041055718475
0.392,0.262952101661779,0.345063538611926
0.4,0.26197458455523,0.344086021505376
0.40800000000000003,0.26197458455523,0.342130987292278
0.41600000000000004,0.26197458455523,0.339198435972629
0.424,0.26099706744868,0.337243401759531
0.432,0.26099706744868,0.336265884652981
0.44,0.26099706744868,0.335288367546432
0.448,0.260019550342131,0.337243401759531
0.456,0.260019550342131,0.340175953079179
0.464,0.26099706744868,0.345063538611926
0.47200000000000003,0.26099706744868,0.351906158357771
0.48,0.263929618768328,0.360703812316716
0.488,0.269794721407625,0.372434017595308
0.496,0.280547409579668,0.386119257086999
0.504,0.297165200391007,0.401759530791789
0.512,0.321603128054741,0.419354838709677
0.52,0.35386119257087,0.436950146627566
0.528,0.392961876832845,0.455522971652004
0.536,0.439882697947214,0.475073313782991
0.544,0.490713587487781,0.493646138807429
0.552,0.543499511241447,0.512218963831867
0.56,0.588465298142718,0.529814271749756
0.5680000000000001,0.626588465298143,0.543499511241447
0.5760000000000001,0.665689149560117,0.556207233626588
0.584,0.698924731182796,0.56891495601173
0.592,0.725317693059629,0.581622678396872
0.6,0.742913000977517,0.592375366568915
0.608,0.752688172043011,0.601173020527859
0.616,0.755620723362659,0.607038123167155
0.624,0.752688172043011,0.608993157380254
0.632,0.745845552297165,0.608015640273705
0.64,0.736070381231672,0.603128054740958
0.648,0.726295210166178,0.596285434995112
0.656,0.717497556207234,0.587487781036168
0.664,0.709677419354839,0.577712609970675
0.672,0.703812316715543,0.56891495601173
0.68,0.700879765395894,0.559139784946237
0.6880000000000001,0.699902248289345,0.550342130987292
0.6960000000000001,0.702834799608993,0.542521994134897
0.704,0.706744868035191,0.536656891495601
0.712,0.712609970674487,0.532746823069404
0.72,0.718475073313783,0.529814271749756
0.728,0.72336265884653,0.526881720430108
0.736,0.726295210166178,0.523949169110459
0.744,0.72336265884653,0.521994134897361
0.752,0.715542521994135,0.518084066471163
0.76,0.70772238514174,0.514173998044966
0.768,0.697947214076246,0.509286412512219
0.776,0.686217008797654,0.505376344086022
0.784,0.672531769305963,0.500488758553275
0.792,0.656891495601173,0.496578690127077
0.8,0.642228739002933,0.493646138807429
0.808,0.627565982404692,0.489736070381232
0.8160000000000001,0.61485826001955,0.485826001955034
0.8240000000000001,0.604105571847507,0.482893450635386
0.8320000000000001,0.595307917888563,0.478983382209189
0.84,0.589442815249267,0.47702834799609
0.848,0.585532746823069,0.474095796676442
0.856,0.582600195503421,0.471163245356794
0.864,0.580645161290323,0.467253176930596
0.872,0.578690127077224,0.464320625610948
0.88,0.575757575757576,0.460410557184751
0.888,0.573802541544477,0.456500488758553
0.896,0.570869990224829,0.450635386119257
0.904,0.566959921798632,0.443792766373412
0.912,0.562072336265885,0.436950146627566
0.92,0.556207233626588,0.429130009775171
0.928,0.550342130987292,0.421309872922776
0.936,0.542521994134897,0.414467253176931
0.9440000000000001,0.534701857282502,0.407624633431085
0.9520000000000001,0.526881720430108,0.400782013685239
0.96,0.519061583577713,0.393939393939394
0.968,0.511241446725318,0.389051808406647
0.976,0.503421309872923,0.3841642228739
0.984,0.494623655913978,0.379276637341153
0.992,0.486803519061584,0.374389051808407
1.0,0.478005865102639,0.36950146627566
1.008,0.470185728250244,0.363636363636364
1.016,0.462365591397849,0.358748778103617
1.024,0.454545454545455,0.35386119257087
1.032,0.44672531769306,0.347996089931574
1.04,0.439882697947214,0.343108504398827
1.048,0.433040078201369,0.337243401759531
1.056,0.428152492668622,0.333333333333333
1.064,0.423264907135875,0.330400782013685
1.072,0.418377321603128,0.327468230694037
1.08,0.413489736070381,0.32355816226784
1.088,0.409579667644184,0.320625610948192
1.096,0.404692082111437,0.316715542521994
1.104,0.400782013685239,0.312805474095797
1.112,0.396871945259042,0.308895405669599
1.12,0.393939393939394,0.304985337243402
1.1280000000000001,0.390029325513196,0.302052785923754
1.1360000000000001,0.387096774193548,0.301075268817204
1.1440000000000001,0.3841642228739,0.302052785923754
1.1520000000000001,0.381231671554252,0.305962854349951
1.16,0.379276637341153,0.311827956989247
1.168,0.377321603128055,0.319648093841642
1.176,0.375366568914956,0.329423264907136
1.184,0.373411534701857,0.342130987292278
1.192,0.371456500488759,0.356793743890518
1.2,0.36852394916911,0.372434017595308
1.208,0.366568914956012,0.388074291300098
1.216,0.364613880742913,0.404692082111437
1.224,0.361681329423265,0.421309872922776
1.232,0.358748778103617,0.436950146627566
1.24,0.354838709677419,0.452590420332356
1.248,0.351906158357771,0.467253176930596
1.256,0.349951124144673,0.481915933528837
1.264,0.348973607038123,0.49266862170088
1.272,0.347018572825024,0.502443792766373
1.28,0.345063538611926,0.512218963831867
1.288,0.343108504398827,0.521994134897361
1.296,0.341153470185728,0.529814271749756
1.304,0.33822091886608,0.535679374389052
1.312,0.336265884652981,0.539589442815249
1.32,0.333333333333333,0.540566959921799
1.328,0.331378299120235,0.539589442815249
1.336,0.329423264907136,0.537634408602151
1.344,0.327468230694037,0.534701857282502
1.352,0.325513196480938,0.529814271749756
1.36,0.324535679374389,0.524926686217009
1.368,0.324535679374389,0.521016617790811
1.3760000000000001,0.32355816226784,0.516129032258065
1.3840000000000001,0.32258064516129,0.511241446725318
1.3920000000000001,0.321603128054741,0.505376344086022
1.4000000000000001,0.321603128054741,0.501466275659824
1.408,0.320625610948192,0.497556207233627
1.416,0.319648093841642,0.494623655913978
1.424,0.317693059628543,0.502443792766373
1.432,0.316715542521994,0.516129032258065
1.44,0.314760508308895,0.521016617790811
1.448,0.312805474095797,0.521994134897361
1.456,0.311827956989247,0.521016617790811
1.464,0.310850439882698,0.518084066471163
1.472,0.308895405669599,0.516129032258065
1.48,0.3069403714565,0.514173998044966
1.488,0.304985337243402,0.511241446725318
1.496,0.305962854349951,0.50733137829912
1.504,0.309872922776149,0.504398826979472
1.512,0.317693059628543,0.500488758553275
1.52,0.332355816226784,0.496578690127077
1.528,0.35386119257087,0.49169110459433
1.536,0.3841642228739,0.486803519061584
1.544,0.420332355816227,0.480938416422287
1.552,0.463343108504399,0.475073313782991
1.56,0.502443792766373,0.468230694037146
1.568,0.540566959921799,0.462365591397849
1.576,0.583577712609971,0.456500488758553
1.584,0.625610948191593,0.450635386119257
1.592,0.663734115347019,0.444770283479961
1.6,0.695014662756598,0.437927663734115
1.608,0.718475073313783,0.43108504398827
1.616,0.734115347018573,0.424242424242424
1.624,0.742913000977517,0.418377321603128
1.6320000000000001,0.744868035190616,0.412512218963832
1.6400000000000001,0.742913000977517,0.408602150537634
1.6480000000000001,0.737047898338221,0.403714565004888
1.6560000000000001,0.730205278592375,0.398826979472141
1.6640000000000001,0.72238514173998,0.394916911045943
1.672,0.715542521994135,0.391984359726295
1.68,0.710654936461388,0.388074291300098
1.688,0.70772238514174,0.3841642228739
1.696,0.706744868035191,0.380254154447703
1.704,0.70772238514174,0.377321603128055
1.712,0.711632453567937,0.374389051808407
1.72,0.717497556207234,0.371456500488759
1.728,0.724340175953079,0.370478983382209
1.736,0.731182795698925,0.36852394916911
1.744,0.73802541544477,0.367546432062561
1.752,0.741935483870968,0.367546432062561
1.76,0.742913000977517,0.36950146627566
1.768,0.740957966764418,0.371456500488759
1.776,0.736070381231672,0.375366568914956
1.784,0.728250244379277,0.381231671554252
1.792,0.717497556207234,0.390029325513196
1.8,0.702834799608993,0.400782013685239
1.808,0.687194525904203,0.414467253176931
1.816,0.668621700879765,0.43010752688172
1.824,0.650048875855327,0.44672531769306
1.832,0.63147605083089,0.465298142717498
1.84,0.61485826001955,0.482893450635386
1.848,0.60019550342131,0.499511241446725
1.856,0.588465298142718,0.516129032258065
1.864,0.579667644183773,0.528836754643206
1.872,0.572825024437928,0.540566959921799
1.8800000000000001,0.567937438905181,0.552297165200391
1.8880000000000001,0.565004887585533,0.564027370478983
1.8960000000000001,0.563049853372434,0.574780058651026
1.9040000000000001,0.561094819159335,0.582600195503421
1.9120000000000001,0.560117302052786,0.589442815249267
1.92,0.557184750733138,0.593352883675464
1.928,0.55425219941349,0.594330400782014
1.936,0.550342130987292,0.593352883675464
1.944,0.545454545454545,0.591397849462366
1.952,0.539589442815249,0.587487781036168
1.96,0.533724340175953,0.582600195503421
1.968,0.526881720430108,0.577712609970675
1.976,0.519061583577713,0.572825024437928
1.984,0.510263929618768,0.566959921798632
1.992,0.500488758553275,0.560117302052786
2.0,0.490713587487781,0.552297165200391
2.008,0.480938416422287,0.544477028347996
2.016,0.470185728250244,0.5386119257087
2.024,0.460410557184751,0.532746823069404
2.032,0.451612903225806,0.527859237536657
2.04,0.442815249266862,0.523949169110459
2.048,0.434017595307918,0.520039100684262
2.056,0.427174975562072,0.515151515151515
2.064,0.421309872922776,0.509286412512219
2.072,0.41544477028348,0.504398826979472
2.08,0.409579667644184,0.500488758553275
2.088,0.404692082111437,0.495601173020528
2.096,0.39980449657869,0.49169110459433
2.104,0.394916911045943,0.487781036168133
2.112,0.390029325513196,0.483870967741935
2.12,0.386119257086999,0.480938416422287
2.128,0.382209188660802,0.478005865102639
2.136,0.377321603128055,0.474095796676442
2.144,0.373411534701857,0.470185728250244
2.152,0.371456500488759,0.466275659824047
2.16,0.36852394916911,0.462365591397849
2.168,0.366568914956012,0.459433040078201
2.176,0.363636363636364,0.456500488758553
2.184,0.360703812316716,0.453567937438905
2.192,0.358748778103617,0.451612903225806
2.2,0.355816226783969,0.449657869012708
2.208,0.352883675464321,0.447702834799609
2.216,0.350928641251222,0.44574780058651
2.224,0.347996089931574,0.442815249266862
2.232,0.346041055718475,0.439882697947214
2.24,0.343108504398827,0.437927663734115
2.248,0.341153470185728,0.434017595307918
2.2560000000000002,0.339198435972629,0.43010752688172
2.2640000000000002,0.337243401759531,0.427174975562072
2.2720000000000002,0.335288367546432,0.424242424242424
2.2800000000000002,0.333333333333333,0.420332355816227
2.2880000000000003,0.330400782013685,0.416422287390029
2.2960000000000003,0.328445747800586,0.413489736070381
2.3040000000000003,0.325513196480938,0.409579667644184
2.312,0.32258064516129,0.405669599217986
2.32,0.320625610948192,0.401759530791789
2.328,0.317693059628543,0.396871945259042
2.336,0.314760508308895,0.391984359726295
2.344,0.311827956989247,0.386119257086999
2.352,0.310850439882698,0.380254154447703
2.36,0.309872922776149,0.375366568914956
2.368,0.30791788856305,0.371456500488759
2.376,0.3069403714565,0.366568914956012
2.384,0.304985337243402,0.360703812316716
2.392,0.304007820136852,0.356793743890518
2.4,0.302052785923754,0.351906158357771
2.408,0.301075268817204,0.347996089931574
2.416,0.300097751710655,0.344086021505376
2.424,0.299120234604106,0.340175953079179
2.432,0.298142717497556,0.336265884652981
2.44,0.297165200391007,0.332355816226784
2.448,0.296187683284457,0.329423264907136
2.456,0.296187683284457,0.327468230694037
2.464,0.296187683284457,0.326490713587488
2.472,0.295210166177908,0.325513196480938
2.48,0.294232649071359,0.325513196480938
2.488,0.293255131964809,0.324535679374389
2.496,0.29227761485826,0.324535679374389
2.504,0.290322580645161,0.32355816226784
2.512,0.289345063538612,0.32355816226784
2.52,0.287390029325513,0.32355816226784
2.528,0.286412512218964,0.32258064516129
2.536,0.285434995112414,0.321603128054741
2.544,0.285434995112414,0.318670576735093
2.552,0.289345063538612,0.317693059628543
2.56,0.296187683284457,0.316715542521994
2.568,0.30791788856305,0.317693059628543
2.576,0.327468230694037,0.318670576735093
2.584,0.35386119257087,0.321603128054741
2.592,0.388074291300098,0.325513196480938
2.6,0.43010752688172,0.333333333333333
2.608,0.476050830889541,0.343108504398827
2.616,0.523949169110459,0.354838709677419
2.624,0.571847507331378,0.36950146627566
2.632,0.616813294232649,0.386119257086999
2.64,0.656891495601173,0.405669599217986
2.648,0.688172043010753,0.427174975562072
2.656,0.709677419354839,0.450635386119257
2.664,0.72238514173998,0.471163245356794
2.672,0.730205278592375,0.489736070381232
2.68,0.733137829912023,0.509286412512219
2.688,0.732160312805474,0.528836754643206
2.696,0.726295210166178,0.548387096774194
2.704,0.719452590420332,0.566959921798632
2.712,0.711632453567937,0.585532746823069
2.72,0.703812316715543,0.601173020527859
2.728,0.697947214076246,0.6158357771261
2.736,0.694037145650049,0.626588465298143
2.744,0.6930596285435,0.635386119257087
2.7520000000000002,0.694037145650049,0.641251221896383
2.7600000000000002,0.695014662756598,0.644183773216031
2.7680000000000002,0.699902248289345,0.644183773216031
2.7760000000000002,0.706744868035191,0.642228739002933
2.7840000000000003,0.712609970674487,0.639296187683284
2.7920000000000003,0.718475073313783,0.633431085043988
2.8000000000000003,0.721407624633431,0.626588465298143
2.8080000000000003,0.72336265884653,0.619745845552297
2.816,0.72336265884653,0.611925708699902
2.824,0.718475073313783,0.603128054740958
2.832,0.710654936461388,0.595307917888563
2.84,0.698924731182796,0.588465298142718
2.848,0.684261974584555,0.582600195503421
2.856,0.667644183773216,0.578690127077224
2.864,0.651026392961877,0.575757575757576
2.872,0.632453567937439,0.571847507331378
2.88,0.613880742913001,0.56891495601173
2.888,0.596285434995112,0.565004887585533
2.896,0.580645161290323,0.560117302052786
2.904,0.567937438905181,0.556207233626588
2.912,0.558162267839687,0.551319648093842
2.92,0.551319648093842,0.546432062561095
2.928,0.547409579667644,0.541544477028348
2.936,0.543499511241447,0.537634408602151
2.944,0.540566959921799,0.532746823069404
2.952,0.5386119257087,0.527859237536657
2.96,0.535679374389052,0.52297165200391
2.968,0.532746823069404,0.519061583577713
2.976,0.529814271749756,0.514173998044966
2.984,0.524926686217009,0.509286412512219
2.992,0.519061583577713,0.505376344086022
3.0,0.513196480938416,0.500488758553275
3.008,0.505376344086022,0.496578690127077
3.016,0.496578690127077,0.49169110459433
3.024,0.487781036168133,0.487781036168133
3.032,0.478983382209189,0.482893450635386
3.04,0.469208211143695,0.478983382209189
3.048,0.459433040078201,0.473118279569892
3.056,0.450635386119257,0.469208211143695
3.064,0.442815249266862,0.465298142717498
3.072,0.434017595307918,0.462365591397849
3.08,0.424242424242424,0.460410557184751
3.088,0.41544477028348,0.458455522971652
3.096,0.406647116324536,0.458455522971652
3.104,0.398826979472141,0.459433040078201
3.112,0.391006842619746,0.463343108504399
3.12,0.383186705767351,0.469208211143695
3.128,0.376344086021505,0.478005865102639
3.136,0.370478983382209,0.487781036168133
3.144,0.364613880742913,0.498533724340176
3.152,0.360703812316716,0.510263929618768
3.16,0.356793743890518,0.521016617790811
3.168,0.352883675464321,0.529814271749756
3.176,0.347996089931574,0.539589442815249
3.184,0.344086021505376,0.549364613880743
3.192,0.340175953079179,0.558162267839687
3.2,0.336265884652981,0.565982404692082
3.208,0.333333333333333,0.571847507331378
3.216,0.329423264907136,0.574780058651026
3.224,0.326490713587488,0.576735092864125
3.232,0.32355816226784,0.577712609970675
3.24,0.320625610948192,0.575757575757576
3.248,0.318670576735093,0.572825024437928
3.2560000000000002,0.316715542521994,0.567937438905181
3.2640000000000002,0.315738025415445,0.562072336265885
3.2720000000000002,0.313782991202346,0.55425219941349
3.2800000000000002,0.311827956989247,0.545454545454545
3.2880000000000003,0.309872922776149,0.536656891495601
3.2960000000000003,0.3069403714565,0.527859237536657
3.3040000000000003,0.304007820136852,0.519061583577713
3.3120000000000003,0.302052785923754,0.512218963831867
3.3200000000000003,0.300097751710655,0.505376344086022
3.3280000000000003,0.297165200391007,0.500488758553275
3.336,0.294232649071359,0.496578690127077
3.344,0.291300097751711,0.493646138807429
3.352,0.290322580645161,0.489736070381232
3.36,0.288367546432063,0.486803519061584
3.368,0.287390029325513,0.483870967741935
3.376,0.285434995112414,0.479960899315738
3.384,0.283479960899316,0.47702834799609
3.392,0.280547409579668,0.473118279569892
3.4,0.278592375366569,0.470185728250244
3.408,0.27663734115347,0.466275659824047
3.416,0.275659824046921,0.462365591397849
3.424,0.273704789833822,0.458455522971652
3.432,0.272727272727273,0.454545454545455
3.44,0.270772238514174,0.449657869012708
3.448,0.269794721407625,0.44574780058651
3.456,0.268817204301075,0.441837732160313
3.464,0.268817204301075,0.437927663734115
3.472,0.268817204301075,0.440860215053763
3.48,0.267839687194526,0.444770283479961
3.488,0.265884652981427,0.444770283479961
3.496,0.263929618768328,0.443792766373412
3.504,0.26099706744868,0.440860215053763
3.512,0.259042033235582,0.437927663734115
3.52,0.256109481915934,0.434995112414467
3.528,0.254154447702835,0.432062561094819
3.536,0.253176930596285,0.429130009775171
3.544,0.254154447702835,0.427174975562072
3.552,0.258064516129032,0.424242424242424
3.56,0.265884652981427,0.422287390029326
3.568,0.279569892473118,0.421309872922776
3.576,0.300097751710655,0.418377321603128
3.584,0.329423264907136,0.416422287390029
3.592,0.366568914956012,0.414467253176931
3.6,0.410557184750733,0.411534701857283
3.608,0.459433040078201,0.408602150537634
3.616,0.511241446725318,0.404692082111437
3.624,0.561094819159335,0.400782013685239
3.632,0.607038123167155,0.397849462365591
3.64,0.647116324535679,0.394916911045943
3.648,0.679374389051808,0.393939393939394
3.656,0.700879765395894,0.393939393939394
3.664,0.712609970674487,0.394916911045943
3.672,0.720430107526882,0.397849462365591
3.68,0.72238514173998,0.402737047898338
3.688,0.718475073313783,0.409579667644184
3.696,0.712609970674487,0.419354838709677
3.704,0.703812316715543,0.432062561094819
3.712,0.695014662756598,0.44574780058651
3.72,0.687194525904203,0.462365591397849
3.728,0.681329423264907,0.479960899315738
3.736,0.67741935483871,0.498533724340176
3.744,0.67741935483871,0.517106549364614
3.7520000000000002,0.67741935483871,0.536656891495601
3.7600000000000002,0.679374389051808,0.551319648093842
3.7680000000000002,0.683284457478006,0.565004887585533
3.7760000000000002,0.689149560117302,0.578690127077224
3.7840000000000003,0.695992179863148,0.592375366568915
3.7920000000000003,0.700879765395894,0.605083088954057
3.8000000000000003,0.704789833822092,0.616813294232649
3.8080000000000003,0.705767350928641,0.626588465298143
3.8160000000000003,0.703812316715543,0.634408602150538
3.8240000000000003,0.696969696969697,0.639296187683284
3.8320000000000003,0.687194525904203,0.643206256109482
3.84,0.673509286412512,0.644183773216031
3.848,0.656891495601173,0.642228739002933
3.856,0.640273704789834,0.639296187683284
3.864,0.623655913978495,0.634408602150538
3.872,0.605083088954057,0.628543499511241
3.88,0.586510263929619,0.622678396871945
3.888,0.56891495601173,0.61485826001955
3.896,0.55425219941349,0.606060606060606
3.904,0.541544477028348,0.598240469208211
3.912,0.532746823069404,0.591397849462366
3.92,0.525904203323558,0.58455522971652
3.928,0.521016617790811,0.577712609970675
3.936,0.517106549364614,0.571847507331378
3.944,0.514173998044966,0.565982404692082
3.952,0.512218963831867,0.560117302052786
3.96,0.509286412512219,0.555229716520039
3.968,0.505376344086022,0.551319648093842
3.976,0.500488758553275,0.547409579667644
3.984,0.495601173020528,0.542521994134897
3.992,0.488758553274682,0.5386119257087
4.0,0.480938416422287,0.532746823069404
4.008,0.473118279569892,0.526881720430108
4.016,0.463343108504399,0.521016617790811
4.024,0.454545454545455,0.515151515151515
4.032,0.443792766373412,0.510263929618768
4.04,0.434017595307918,0.504398826979472
4.048,0.424242424242424,0.498533724340176
4.056,0.416422287390029,0.493646138807429
4.064,0.407624633431085,0.488758553274682
4.072,0.397849462365591,0.483870967741935
4.08,0.389051808406647,0.478005865102639
4.088,0.379276637341153,0.473118279569892
4.096,0.371456500488759,0.467253176930596
4.104,0.362658846529814,0.462365591397849
4.112,0.354838709677419,0.457478005865103
4.12,0.347996089931574,0.453567937438905
4.128,0.341153470185728,0.449657869012708
4.136,0.334310850439883,0.44574780058651
4.144,0.328445747800586,0.441837732160313
4.152,0.324535679374389,0.437927663734115
4.16,0.320625610948192,0.435972629521017
4.168,0.317693059628543,0.434017595307918
4.176,0.313782991202346,0.43108504398827
4.184,0.310850439882698,0.428152492668622
4.192,0.3069403714565,0.424242424242424
4.2,0.304007820136852,0.421309872922776
4.208,0.300097751710655,0.417399804496579
4.216,0.297165200391007,0.413489736070381
4.224,0.294232649071359,0.409579667644184
4.232,0.291300097751711,0.406647116324536
4.24,0.287390029325513,0.403714565004888
4.248,0.285434995112414,0.401759530791789
4.256,0.283479960899316,0.39980449657869
4.264,0.281524926686217,0.397849462365591
4.272,0.278592375366569,0.395894428152493
4.28,0.275659824046921,0.395894428152493
4.288,0.272727272727273,0.396871945259042
4.296,0.270772238514174,0.39980449657869
4.304,0.267839687194526,0.405669599217986
4.312,0.264907135874878,0.413489736070381
4.32,0.262952101661779,0.423264907135875
4.328,0.260019550342131,0.435972629521017
4.336,0.258064516129032,0.449657869012708
4.344,0.256109481915934,0.464320625610948
4.352,0.255131964809384,0.479960899315738
4.36,0.254154447702835,0.493646138807429
4.368,0.252199413489736,0.506353861192571
4.376,0.250244379276637,0.521016617790811
4.384,0.248289345063539,0.535679374389052
4.392,0.24633431085044,0.551319648093842
4.4,0.243401759530792,0.565004887585533
4.408,0.241446725317693,0.578690127077224
4.416,0.239491691104594,0.590420332355816
4.424,0.236559139784946,0.601173020527859
4.432,0.234604105571848,0.608993157380254
4.44,0.232649071358749,0.6158357771261
4.448,0.232649071358749,0.618768328445748
4.456,0.232649071358749,0.620723362658847
4.464,0.231671554252199,0.618768328445748
4.472,0.23069403714565,0.6158357771261
4.48,0.229716520039101,0.609970674486804
4.488,0.228739002932551,0.604105571847507
4.496,0.226783968719453,0.596285434995112
4.5040000000000004,0.224828934506354,0.589442815249267
4.5120000000000005,0.222873900293255,0.581622678396872
4.5200000000000005,0.219941348973607,0.573802541544477
4.5280000000000005,0.217986314760508,0.566959921798632
4.5360000000000005,0.21603128054741,0.560117302052786
4.5440000000000005,0.217008797653959,0.55425219941349
4.5520000000000005,0.220918866080156,0.548387096774194
4.5600000000000005,0.228739002932551,0.544477028347996
4.5680000000000005,0.243401759530792,0.539589442815249
4.5760000000000005,0.264907135874878,0.535679374389052
4.5840000000000005,0.295210166177908,0.530791788856305
4.5920000000000005,0.333333333333333,0.525904203323558
4.6000000000000005,0.379276637341153,0.521016617790811
4.6080000000000005,0.429130009775171,0.517106549364614
4.616,0.481915933528837,0.513196480938416
4.624,0.532746823069404,0.50830889540567
4.632,0.579667644183773,0.503421309872923
4.64,0.620723362658847,0.499511241446725
4.648,0.649071358748778,0.495601173020528
4.656,0.668621700879765,0.49169110459433
4.664,0.683284457478006,0.488758553274682
4.672,0.691104594330401,0.484848484848485
4.68,0.691104594330401,0.479960899315738
4.688,0.686217008797654,0.476050830889541
4.696,0.67644183773216,0.472140762463343
4.704,0.664711632453568,0.468230694037146
4.712,0.652003910068426,0.463343108504399
4.72,0.640273704789834,0.458455522971652
4.728,0.63147605083089,0.454545454545455
4.736,0.624633431085044,0.449657869012708
4.744,0.621700879765396,0.44574780058651
4.752,0.619745845552297,0.441837732160313
4.76,0.620723362658847,0.438905180840665
4.768,0.624633431085044,0.434995112414467
4.776,0.629521016617791,0.432062561094819
4.784,0.635386119257087,0.428152492668622
4.792,0.640273704789834,0.423264907135875
4.8,0.643206256109482,0.418377321603128
4.808,0.642228739002933,0.413489736070381
4.816,0.638318670576735,0.408602150537634
4.824,0.63147605083089,0.404692082111437
4.832,0.619745845552297,0.39980449657869
4.84,0.611925708699902,0.396871945259042
4.848,0.607038123167155,0.394916911045943
4.856,0.597262952101662,0.393939393939394
4.864,0.583577712609971,0.393939393939394
4.872,0.567937438905181,0.392961876832845
4.88,0.55425219941349,0.391984359726295
4.888,0.541544477028348,0.390029325513196
4.896,0.530791788856305,0.388074291300098
4.904,0.52297165200391,0.386119257086999
4.912,0.518084066471163,0.3841642228739
4.92,0.514173998044966,0.382209188660802
4.928,0.512218963831867,0.379276637341153
4.936,0.511241446725318,0.378299120234604
4.944,0.510263929618768,0.376344086021505
4.952,0.50830889540567,0.375366568914956
4.96,0.506353861192571,0.376344086021505
4.968,0.504398826979472,0.378299120234604
4.976,0.500488758553275,0.382209188660802
4.984,0.495601173020528,0.388074291300098
4.992,0.489736070381232,0.396871945259042
5.0,0.481915933528837,0.409579667644184
5.008,0.474095796676442,0.424242424242424
5.016,0.465298142717498,0.440860215053763
5.024,0.455522971652004,0.459433040078201
5.032,0.44574780058651,0.478983382209189
5.04,0.435972629521017,0.498533724340176
5.048,0.427174975562072,0.518084066471163
5.056,0.419354838709677,0.534701857282502
5.064,0.410557184750733,0.549364613880743
5.072,0.400782013685239,0.565982404692082
5.08,0.392961876832845,0.582600195503421
5.088,0.3841642228739,0.599217986314761
5.096,0.377321603128055,0.613880742913001
5.104,0.370478983382209,0.627565982404692
5.112,0.364613880742913,0.639296187683284
5.12,0.358748778103617,0.649071358748778
5.128,0.35386119257087,0.656891495601173
5.136,0.348973607038123,0.66080156402737
5.144,0.345063538611926,0.663734115347019
5.152,0.341153470185728,0.663734115347019
5.16,0.33822091886608,0.66177908113392
5.168,0.335288367546432,0.658846529814272
5.176,0.332355816226784,0.653958944281525
5.184,0.328445747800586,0.647116324535679
5.192,0.326490713587488,0.640273704789834
5.2,0.32355816226784,0.632453567937439
5.208,0.321603128054741,0.625610948191593
5.216,0.319648093841642,0.617790811339198
5.224,0.317693059628543,0.609970674486804
5.232,0.316715542521994,0.603128054740958
5.24,0.314760508308895,0.597262952101662
5.248,0.314760508308895,0.590420332355816
5.256,0.313782991202346,0.585532746823069
5.264,0.313782991202346,0.580645161290323
5.272,0.312805474095797,0.574780058651026
5.28,0.311827956989247,0.56989247311828
5.288,0.310850439882698,0.565982404692082
5.296,0.310850439882698,0.562072336265885
5.304,0.310850439882698,0.559139784946237
5.312,0.310850439882698,0.555229716520039
5.32,0.310850439882698,0.552297165200391
5.328,0.310850439882698,0.548387096774194
5.336,0.310850439882698,0.544477028347996
5.344,0.310850439882698,0.540566959921799
5.352,0.310850439882698,0.535679374389052
5.36,0.311827956989247,0.530791788856305
5.368,0.312805474095797,0.525904203323558
5.376,0.312805474095797,0.520039100684262
5.384,0.312805474095797,0.514173998044966
5.392,0.312805474095797,0.50733137829912
5.4,0.312805474095797,0.500488758553275
5.408,0.311827956989247,0.49266862170088
5.416,0.310850439882698,0.484848484848485
5.424,0.310850439882698,0.478005865102639
5.432,0.309872922776149,0.471163245356794
5.44,0.308895405669599,0.465298142717498
5.448,0.308895405669599,0.458455522971652
5.456,0.308895405669599,0.453567937438905
5.464,0.308895405669599,0.448680351906158
5.472,0.308895405669599,0.444770283479961
5.48,0.308895405669599,0.439882697947214
5.488,0.309872922776149,0.435972629521017
5.496,0.312805474095797,0.432062561094819
5.5040000000000004,0.318670576735093,0.429130009775171
5.5120000000000005,0.329423264907136,0.426197458455523
5.5200000000000005,0.347018572825024,0.41544477028348
5.5280000000000005,0.371456500488759,0.401759530791789
5.5360000000000005,0.403714565004888,0.392961876832845
5.5440000000000005,0.443792766373412,0.387096774193548
5.5520000000000005,0.482893450635386,0.382209188660802
5.5600000000000005,0.521994134897361,0.378299120234604
5.5680000000000005,0.56891495601173,0.376344086021505
5.5760000000000005,0.616813294232649,0.373411534701857
5.5840000000000005,0.662756598240469,0.370478983382209
5.5920000000000005,0.702834799608993,0.36852394916911
5.6000000000000005,0.736070381231672,0.366568914956012
5.6080000000000005,0.759530791788856,0.364613880742913
5.6160000000000005,0.774193548387097,0.363636363636364
5.6240000000000006,0.782013685239492,0.361681329423265
5.632,0.782013685239492,0.358748778103617
5.64,0.778103616813294,0.355816226783969
5.648,0.770283479960899,0.35386119257087
5.656,0.761485826001955,0.351906158357771
5.664,0.751710654936461,0.350928641251222
5.672,0.741935483870968,0.348973607038123
5.68,0.734115347018573,0.347018572825024
5.688,0.728250244379277,0.346041055718475
5.696,0.726295210166178,0.344086021505376
5.704,0.725317693059629,0.343108504398827
5.712,0.728250244379277,0.341153470185728
5.72,0.732160312805474,0.340175953079179
5.728,0.736070381231672,0.339198435972629
5.736,0.740957966764418,0.339198435972629
5.744,0.742913000977517,0.340175953079179
5.752,0.742913000977517,0.342130987292278
5.76,0.740957966764418,0.347018572825024
5.768,0.736070381231672,0.35386119257087
5.776,0.727272727272727,0.364613880742913
5.784,0.716520039100684,0.378299120234604
5.792,0.702834799608993,0.394916911045943
5.8,0.686217008797654,0.414467253176931
5.808,0.669599217986315,0.435972629521017
5.816,0.652981427174976,0.458455522971652
5.824,0.636363636363636,0.480938416422287
5.832,0.621700879765396,0.502443792766373
5.84,0.608993157380254,0.52297165200391
5.848,0.599217986314761,0.542521994134897
5.856,0.591397849462366,0.559139784946237
5.864,0.586510263929619,0.571847507331378
5.872,0.582600195503421,0.585532746823069
5.88,0.580645161290323,0.598240469208211
5.888,0.578690127077224,0.609970674486804
5.896,0.577712609970675,0.619745845552297
5.904,0.574780058651026,0.627565982404692
5.912,0.571847507331378,0.633431085043988
5.92,0.567937438905181,0.637341153470186
5.928,0.563049853372434,0.638318670576735
5.936,0.556207233626588,0.637341153470186
5.944,0.550342130987292,0.634408602150538
5.952,0.543499511241447,0.628543499511241
5.96,0.536656891495601,0.622678396871945
5.968,0.527859237536657,0.616813294232649
5.976,0.519061583577713,0.608993157380254
5.984,0.510263929618768,0.601173020527859
5.992,0.500488758553275,0.593352883675464
6.0,0.490713587487781,0.586510263929619
6.008,0.480938416422287,0.579667644183773
6.016,0.471163245356794,0.572825024437928
6.024,0.462365591397849,0.566959921798632
6.032,0.453567937438905,0.561094819159335
6.04,0.444770283479961,0.55425219941349
6.048,0.437927663734115,0.548387096774194
6.056,0.432062561094819,0.542521994134897
6.064,0.425219941348974,0.537634408602151
6.072,0.419354838709677,0.532746823069404
6.08,0.413489736070381,0.526881720430108
6.088,0.407624633431085,0.521016617790811
6.096,0.402737047898338,0.515151515151515
6.104,0.397849462365591,0.509286412512219
6.112,0.393939393939394,0.502443792766373
6.12,0.390029325513196,0.496578690127077
6.128,0.386119257086999,0.490713587487781
6.136,0.382209188660802,0.484848484848485
6.144,0.379276637341153,0.478983382209189
6.152,0.377321603128055,0.474095796676442
6.16,0.374389051808407,0.469208211143695
6.168,0.371456500488759,0.463343108504399
6.176,0.36852394916911,0.458455522971652
6.184,0.366568914956012,0.452590420332356
6.192,0.363636363636364,0.447702834799609
6.2,0.361681329423265,0.442815249266862
6.208,0.358748778103617,0.438905180840665
6.216,0.356793743890518,0.434995112414467
6.224,0.35386119257087,0.43108504398827
6.232,0.351906158357771,0.426197458455523
6.24,0.349951124144673,0.421309872922776
6.248,0.347996089931574,0.416422287390029
6.256,0.347018572825024,0.411534701857283
6.264,0.345063538611926,0.407624633431085
6.272,0.342130987292278,0.403714565004888
6.28,0.340175953079179,0.39980449657869
6.288,0.337243401759531,0.394916911045943
6.296,0.335288367546432,0.391006842619746
6.304,0.332355816226784,0.387096774193548
6.312,0.330400782013685,0.383186705767351
6.32,0.329423264907136,0.379276637341153
6.328,0.327468230694037,0.375366568914956
6.336,0.325513196480938,0.372434017595308
6.344,0.324535679374389,0.36950146627566
6.352,0.32355816226784,0.366568914956012
6.36,0.32258064516129,0.365591397849462
6.368,0.320625610948192,0.363636363636364
6.376,0.319648093841642,0.361681329423265
6.384,0.317693059628543,0.359726295210166
6.392,0.315738025415445,0.357771260997067
6.4,0.313782991202346,0.356793743890518
6.408,0.311827956989247,0.355816226783969
6.416,0.309872922776149,0.355816226783969
6.424,0.3069403714565,0.357771260997067
6.432,0.304985337243402,0.363636363636364
6.44,0.303030303030303,0.371456500488759
6.448,0.302052785923754,0.382209188660802
6.456,0.303030303030303,0.393939393939394
6.464,0.3069403714565,0.405669599217986
6.472,0.316715542521994,0.419354838709677
6.48,0.332355816226784,0.434995112414467
6.488,0.356793743890518,0.450635386119257
6.496,0.389051808406647,0.468230694037146
6.5040000000000004,0.43010752688172,0.483870967741935
6.5120000000000005,0.47702834799609,0.499511241446725
6.5200000000000005,0.527859237536657,0.515151515151515
6.5280000000000005,0.579667644183773,0.528836754643206
6.5360000000000005,0.63049853372434,0.543499511241447
6.5440000000000005,0.670576735092864,0.556207233626588
6.5520000000000005,0.702834799608993,0.565982404692082
6.5600000000000005,0.731182795698925,0.573802541544477
6.5680000000000005,0.75366568914956,0.581622678396872
6.5760000000000005,0.76930596285435,0.588465298142718
6.5840000000000005,0.777126099706745,0.593352883675464
6.5920000000000005,0.778103616813294,0.596285434995112
6.6000000000000005,0.775171065493646,0.597262952101662
6.6080000000000005,0.768328445747801,0.596285434995112
6.6160000000000005,0.761485826001955,0.592375366568915
6.6240000000000006,0.75366568914956,0.586510263929619
6.632000000000001,0.747800586510264,0.578690127077224
6.640000000000001,0.743890518084066,0.56989247311828
6.648000000000001,0.740957966764418,0.560117302052786
6.656000000000001,0.739980449657869,0.551319648093842
6.664,0.741935483870968,0.542521994134897
6.672,0.746823069403715,0.534701857282502
6.68,0.752688172043011,0.526881720430108
6.688,0.760508308895406,0.520039100684262
6.696,0.767350928641251,0.513196480938416
6.704,0.772238514173998,0.506353861192571
6.712,0.775171065493646,0.500488758553275
6.72,0.774193548387097,0.495601173020528
6.728,0.770283479960899,0.49266862170088
6.736,0.762463343108504,0.490713587487781
6.744,0.750733137829912,0.488758553274682
6.752,0.73802541544477,0.485826001955034
6.76,0.720430107526882,0.483870967741935
6.768,0.700879765395894,0.481915933528837
6.776,0.679374389051808,0.478983382209189
6.784,0.657869012707722,0.475073313782991
6.792,0.636363636363636,0.470185728250244
6.8,0.617790811339198,0.466275659824047
6.808,0.602150537634409,0.4613880742913
6.816,0.589442815249267,0.457478005865103
6.824,0.579667644183773,0.452590420332356
6.832,0.572825024437928,0.448680351906158
6.84,0.56891495601173,0.443792766373412
6.848,0.565004887585533,0.438905180840665
6.856,0.563049853372434,0.434017595307918
6.864,0.561094819159335,0.43010752688172
6.872,0.559139784946237,0.426197458455523
6.88,0.556207233626588,0.422287390029326
6.888,0.541544477028348,0.418377321603128
6.896,0.520039100684262,0.413489736070381
6.904,0.506353861192571,0.410557184750733
6.912,0.494623655913978,0.407624633431085
6.92,0.484848484848485,0.404692082111437
6.928,0.474095796676442,0.401759530791789
6.936,0.464320625610948,0.39980449657869
6.944,0.455522971652004,0.396871945259042
6.952,0.44574780058651,0.394916911045943
6.96,0.435972629521017,0.392961876832845
6.968,0.425219941348974,0.391006842619746
6.976,0.41544477028348,0.388074291300098
6.984,0.404692082111437,0.38514173998045
6.992,0.394916911045943,0.382209188660802
7.0,0.38514173998045,0.379276637341153
7.008,0.376344086021505,0.376344086021505
7.016,0.36852394916911,0.373411534701857
7.024,0.360703812316716,0.370478983382209
7.032,0.352883675464321,0.36852394916911
7.04,0.347018572825024,0.366568914956012
7.048,0.342130987292278,0.366568914956012
7.056,0.337243401759531,0.367546432062561
7.064,0.332355816226784,0.370478983382209
7.072,0.327468230694037,0.375366568914956
7.08,0.32258064516129,0.3841642228739
7.088,0.318670576735093,0.394916911045943
7.096,0.314760508308895,0.407624633431085
7.104,0.310850439882698,0.422287390029326
7.112,0.30791788856305,0.438905180840665
7.12,0.304007820136852,0.454545454545455
7.128,0.301075268817204,0.471163245356794
7.136,0.299120234604106,0.487781036168133
7.144,0.297165200391007,0.504398826979472
7.152,0.295210166177908,0.519061583577713
7.16,0.293255131964809,0.530791788856305
7.168,0.290322580645161,0.544477028347996
7.176,0.287390029325513,0.557184750733138
7.184,0.285434995112414,0.570869990224829
7.192,0.283479960899316,0.581622678396872
7.2,0.280547409579668,0.592375366568915
7.208,0.278592375366569,0.599217986314761
7.216,0.27663734115347,0.604105571847507
7.224,0.273704789833822,0.607038123167155
7.232,0.270772238514174,0.607038123167155
7.24,0.268817204301075,0.604105571847507
7.248,0.266862170087977,0.60019550342131
7.256,0.264907135874878,0.595307917888563
7.264,0.262952101661779,0.589442815249267
7.272,0.26099706744868,0.583577712609971
7.28,0.258064516129032,0.576735092864125
7.288,0.256109481915934,0.56989247311828
7.296,0.253176930596285,0.563049853372434
7.304,0.250244379276637,0.557184750733138
7.312,0.248289345063539,0.550342130987292
7.32,0.24633431085044,0.544477028347996
7.328,0.244379276637341,0.5386119257087
7.336,0.242424242424242,0.533724340175953
7.344,0.241446725317693,0.527859237536657
7.352,0.241446725317693,0.52297165200391
7.36,0.241446725317693,0.518084066471163
7.368,0.240469208211144,0.513196480938416
7.376,0.239491691104594,0.50733137829912
7.384,0.239491691104594,0.501466275659824
7.392,0.238514173998045,0.495601173020528
7.4,0.237536656891496,0.489736070381232
7.408,0.237536656891496,0.484848484848485
7.416,0.236559139784946,0.480938416422287
7.424,0.234604105571848,0.476050830889541
7.432,0.232649071358749,0.472140762463343
7.44,0.23069403714565,0.468230694037146
7.448,0.228739002932551,0.464320625610948
7.456,0.227761485826002,0.4613880742913
7.464,0.226783968719453,0.457478005865103
7.472,0.226783968719453,0.453567937438905
7.48,0.228739002932551,0.450635386119257
7.488,0.236559139784946,0.447702834799609
7.496,0.250244379276637,0.443792766373412
7.5040000000000004,0.271749755620723,0.439882697947214
7.5120000000000005,0.302052785923754,0.435972629521017
7.5200000000000005,0.341153470185728,0.432062561094819
7.5280000000000005,0.387096774193548,0.428152492668622
7.5360000000000005,0.438905180840665,0.423264907135875
7.5440000000000005,0.485826001955034,0.419354838709677
7.5520000000000005,0.528836754643206,0.416422287390029
7.5600000000000005,0.574780058651026,0.412512218963832
7.5680000000000005,0.619745845552297,0.411534701857283
7.5760000000000005,0.656891495601173,0.411534701857283
7.5840000000000005,0.687194525904203,0.409579667644184
7.5920000000000005,0.70772238514174,0.407624633431085
7.6000000000000005,0.719452590420332,0.405669599217986
7.6080000000000005,0.724340175953079,0.402737047898338
7.6160000000000005,0.72238514173998,0.39980449657869
7.6240000000000006,0.717497556207234,0.396871945259042
7.632000000000001,0.709677419354839,0.393939393939394
7.640000000000001,0.701857282502444,0.391984359726295
7.648000000000001,0.694037145650049,0.389051808406647
7.656000000000001,0.687194525904203,0.387096774193548
7.664000000000001,0.684261974584555,0.3841642228739
7.672000000000001,0.683284457478006,0.380254154447703
7.68,0.684261974584555,0.377321603128055
7.688,0.688172043010753,0.375366568914956
7.696,0.694037145650049,0.373411534701857
7.704,0.700879765395894,0.371456500488759
7.712,0.70772238514174,0.36950146627566
7.72,0.714565004887586,0.36852394916911
7.728,0.718475073313783,0.367546432062561
7.736,0.720430107526882,0.366568914956012
7.744,0.717497556207234,0.366568914956012
7.752,0.711632453567937,0.366568914956012
7.76,0.702834799608993,0.366568914956012
7.768,0.690127077223851,0.366568914956012
7.776,0.673509286412512,0.364613880742913
7.784,0.654936461388074,0.363636363636364
7.792,0.634408602150538,0.360703812316716
7.8,0.612903225806452,0.357771260997067
7.808,0.592375366568915,0.355816226783969
7.816,0.573802541544477,0.352883675464321
7.824,0.557184750733138,0.350928641251222
7.832,0.543499511241447,0.348973607038123
7.84,0.532746823069404,0.348973607038123
7.848,0.525904203323558,0.349951124144673
7.856,0.520039100684262,0.351906158357771
7.864,0.516129032258065,0.356793743890518
7.872,0.513196480938416,0.363636363636364
7.88,0.511241446725318,0.373411534701857
7.888,0.509286412512219,0.386119257086999
7.896,0.50733137829912,0.402737047898338
7.904,0.503421309872923,0.421309872922776
7.912,0.499511241446725,0.442815249266862
7.92,0.494623655913978,0.466275659824047
7.928,0.487781036168133,0.489736070381232
7.936,0.479960899315738,0.513196480938416
7.944,0.472140762463343,0.534701857282502
7.952,0.464320625610948,0.55327468230694
7.96,0.455522971652004,0.56891495601173
7.968,0.44574780058651,0.585532746823069
7.976,0.434995112414467,0.601173020527859
7.984,0.424242424242424,0.616813294232649
7.992,0.413489736070381,0.63049853372434
8.0,0.403714565004888,0.642228739002933
8.008000000000001,0.393939393939394,0.652003910068426
8.016,0.3841642228739,0.659824046920821
8.024000000000001,0.374389051808407,0.665689149560117
8.032,0.365591397849462,0.668621700879765
8.040000000000001,0.358748778103617,0.669599217986315
8.048,0.352883675464321,0.667644183773216
8.056000000000001,0.347018572825024,0.664711632453568
8.064,0.341153470185728,0.659824046920821
8.072000000000001,0.335288367546432,0.653958944281525
8.08,0.329423264907136,0.64613880742913
8.088000000000001,0.324535679374389,0.638318670576735
8.096,0.319648093841642,0.63049853372434
8.104000000000001,0.315738025415445,0.622678396871945
8.112,0.311827956989247,0.613880742913001
8.120000000000001,0.30791788856305,0.606060606060606
8.128,0.304985337243402,0.598240469208211
8.136000000000001,0.302052785923754,0.592375366568915
8.144,0.300097751710655,0.585532746823069
8.152000000000001,0.299120234604106,0.579667644183773
8.16,0.296187683284457,0.573802541544477
8.168000000000001,0.294232649071359,0.566959921798632
8.176,0.291300097751711,0.560117302052786
8.184000000000001,0.289345063538612,0.55327468230694
8.192,0.286412512218964,0.547409579667644
8.2,0.283479960899316,0.540566959921799
8.208,0.280547409579668,0.534701857282502
8.216,0.278592375366569,0.528836754643206
8.224,0.27663734115347,0.521994134897361
8.232,0.273704789833822,0.515151515151515
8.24,0.272727272727273,0.50830889540567
8.248,0.270772238514174,0.503421309872923
8.256,0.268817204301075,0.498533724340176
8.264,0.265884652981427,0.493646138807429
8.272,0.262952101661779,0.488758553274682
8.28,0.260019550342131,0.485826001955034
8.288,0.257086999022483,0.481915933528837
8.296,0.254154447702835,0.478983382209189
8.304,0.252199413489736,0.476050830889541
8.312,0.249266862170088,0.473118279569892
8.32,0.24633431085044,0.470185728250244
8.328,0.243401759530792,0.467253176930596
8.336,0.241446725317693,0.464320625610948
8.344,0.239491691104594,0.4613880742913
8.352,0.238514173998045,0.459433040078201
8.36,0.236559139784946,0.459433040078201
8.368,0.233626588465298,0.460410557184751
8.376,0.23069403714565,0.462365591397849
8.384,0.228739002932551,0.467253176930596
8.392,0.226783968719453,0.474095796676442
8.4,0.224828934506354,0.483870967741935
8.408,0.221896383186706,0.495601173020528
8.416,0.219941348973607,0.509286412512219
8.424,0.218963831867058,0.52297165200391
8.432,0.217008797653959,0.537634408602151
8.44,0.217008797653959,0.551319648093842
8.448,0.217008797653959,0.561094819159335
8.456,0.21603128054741,0.56989247311828
8.464,0.21505376344086,0.578690127077224
8.472,0.213098729227761,0.586510263929619
8.48,0.211143695014663,0.592375366568915
8.488,0.209188660801564,0.597262952101662
8.496,0.206256109481916,0.599217986314761
8.504,0.204301075268817,0.60019550342131
8.512,0.201368523949169,0.599217986314761
8.52,0.19941348973607,0.596285434995112
8.528,0.197458455522972,0.592375366568915
8.536,0.196480938416422,0.586510263929619
8.544,0.198435972629521,0.580645161290323
8.552,0.201368523949169,0.573802541544477
8.56,0.207233626588465,0.565982404692082
8.568,0.217986314760508,0.558162267839687
8.576,0.236559139784946,0.551319648093842
8.584,0.26197458455523,0.543499511241447
8.592,0.296187683284457,0.536656891495601
8.6,0.339198435972629,0.529814271749756
8.608,0.388074291300098,0.523949169110459
8.616,0.440860215053763,0.519061583577713
8.624,0.494623655913978,0.513196480938416
8.632,0.547409579667644,0.50830889540567
8.64,0.588465298142718,0.503421309872923
8.648,0.622678396871945,0.499511241446725
8.656,0.652003910068426,0.496578690127077
8.664,0.675464320625611,0.493646138807429
8.672,0.690127077223851,0.490713587487781
8.68,0.696969696969697,0.488758553274682
8.688,0.696969696969697,0.487781036168133
8.696,0.691104594330401,0.485826001955034
8.704,0.681329423264907,0.484848484848485
8.712,0.670576735092864,0.482893450635386
8.72,0.659824046920821,0.480938416422287
8.728,0.650048875855327,0.479960899315738
8.736,0.643206256109482,0.478005865102639
8.744,0.638318670576735,0.476050830889541
8.752,0.635386119257087,0.475073313782991
8.76,0.636363636363636,0.473118279569892
8.768,0.640273704789834,0.471163245356794
8.776,0.64613880742913,0.469208211143695
8.784,0.652981427174976,0.466275659824047
8.792,0.659824046920821,0.463343108504399
8.8,0.665689149560117,0.459433040078201
8.808,0.669599217986315,0.455522971652004
8.816,0.670576735092864,0.449657869012708
8.824,0.667644183773216,0.443792766373412
8.832,0.659824046920821,0.436950146627566
8.84,0.650048875855327,0.43010752688172
8.848,0.637341153470186,0.424242424242424
8.856,0.620723362658847,0.419354838709677
8.864,0.602150537634409,0.412512218963832
8.872,0.582600195503421,0.404692082111437
8.88,0.564027370478983,0.397849462365591
8.888,0.545454545454545,0.390029325513196
8.896,0.528836754643206,0.383186705767351
8.904,0.516129032258065,0.377321603128055
8.912,0.505376344086022,0.371456500488759
8.92,0.497556207233627,0.367546432062561
8.928,0.49266862170088,0.362658846529814
8.936,0.498533724340176,0.358748778103617
8.944,0.509286412512219,0.35386119257087
8.952,0.514173998044966,0.350928641251222
8.96,0.516129032258065,0.347996089931574
8.968,0.516129032258065,0.345063538611926
8.976,0.513196480938416,0.341153470185728
8.984,0.510263929618768,0.33822091886608
8.992,0.505376344086022,0.336265884652981
9.0,0.499511241446725,0.334310850439883
9.008000000000001,0.49266862170088,0.333333333333333
9.016,0.483870967741935,0.334310850439883
9.024000000000001,0.475073313782991,0.337243401759531
9.032,0.465298142717498,0.344086021505376
9.040000000000001,0.457478005865103,0.35386119257087
9.048,0.448680351906158,0.365591397849462
9.056000000000001,0.439882697947214,0.378299120234604
9.064,0.43010752688172,0.394916911045943
9.072000000000001,0.420332355816227,0.414467253176931
9.08,0.411534701857283,0.435972629521017
9.088000000000001,0.402737047898338,0.457478005865103
9.096,0.393939393939394,0.479960899315738
9.104000000000001,0.386119257086999,0.501466275659824
9.112,0.378299120234604,0.52297165200391
9.120000000000001,0.371456500488759,0.543499511241447
9.128,0.364613880742913,0.563049853372434
9.136000000000001,0.358748778103617,0.581622678396872
9.144,0.35386119257087,0.599217986314761
9.152000000000001,0.349951124144673,0.612903225806452
9.16,0.346041055718475,0.623655913978495
9.168000000000001,0.342130987292278,0.634408602150538
9.176,0.33822091886608,0.643206256109482
9.184000000000001,0.335288367546432,0.649071358748778
9.192,0.331378299120235,0.652981427174976
9.200000000000001,0.327468230694037,0.654936461388074
9.208,0.32355816226784,0.652981427174976
9.216000000000001,0.320625610948192,0.649071358748778
9.224,0.317693059628543,0.644183773216031
9.232,0.314760508308895,0.637341153470186
9.24,0.312805474095797,0.629521016617791
9.248,0.310850439882698,0.620723362658847
9.256,0.308895405669599,0.612903225806452
9.264,0.3069403714565,0.605083088954057
9.272,0.304985337243402,0.596285434995112
9.28,0.302052785923754,0.589442815249267
9.288,0.299120234604106,0.583577712609971
9.296,0.296187683284457,0.576735092864125
9.304,0.294232649071359,0.571847507331378
9.312,0.291300097751711,0.566959921798632
9.32,0.289345063538612,0.563049853372434
9.328,0.287390029325513,0.560117302052786
9.336,0.285434995112414,0.556207233626588
9.344,0.285434995112414,0.552297165200391
9.352,0.285434995112414,0.548387096774194
9.36,0.284457478005865,0.544477028347996
9.368,0.284457478005865,0.540566959921799
9.376,0.283479960899316,0.536656891495601
9.384,0.281524926686217,0.531769305962854
9.392,0.280547409579668,0.524926686217009
9.4,0.278592375366569,0.519061583577713
9.408,0.27663734115347,0.513196480938416
9.416,0.274682306940371,0.50830889540567
9.424,0.272727272727273,0.504398826979472
9.432,0.271749755620723,0.500488758553275
9.44,0.270772238514174,0.497556207233627
9.448,0.270772238514174,0.495601173020528
9.456,0.270772238514174,0.49266862170088
9.464,0.268817204301075,0.489736070381232
9.472,0.267839687194526,0.485826001955034
9.48,0.265884652981427,0.480938416422287
9.488,0.263929618768328,0.476050830889541
9.496,0.26197458455523,0.470185728250244
9.504,0.260019550342131,0.465298142717498
9.512,0.258064516129032,0.460410557184751
9.52,0.256109481915934,0.456500488758553
9.528,0.254154447702835,0.451612903225806
9.536,0.253176930596285,0.447702834799609
9.544,0.253176930596285,0.443792766373412
9.552,0.252199413489736,0.440860215053763
9.56,0.253176930596285,0.436950146627566
9.568,0.255131964809384,0.434017595307918
9.576,0.26099706744868,0.43108504398827
9.584,0.271749755620723,0.427174975562072
9.592,0.288367546432063,0.423264907135875
9.6,0.313782991202346,0.419354838709677
9.608,0.346041055718475,0.416422287390029
9.616,0.386119257086999,0.414467253176931
9.624,0.43108504398827,0.413489736070381
9.632,0.480938416422287,0.411534701857283
9.64,0.524926686217009,0.409579667644184
9.648,0.564027370478983,0.407624633431085
9.656,0.605083088954057,0.406647116324536
9.664,0.643206256109482,0.403714565004888
9.672,0.674486803519062,0.400782013685239
9.68,0.696969696969697,0.395894428152493
9.688,0.711632453567937,0.391984359726295
9.696,0.718475073313783,0.388074291300098
9.704,0.718475073313783,0.3841642228739
9.712,0.713587487781036,0.382209188660802
9.72,0.705767350928641,0.380254154447703
9.728,0.695992179863148,0.379276637341153
9.736,0.686217008797654,0.378299120234604
9.744,0.67741935483871,0.379276637341153
9.752,0.669599217986315,0.379276637341153
9.76,0.664711632453568,0.379276637341153
9.768,0.66177908113392,0.378299120234604
9.776,0.662756598240469,0.376344086021505
9.784,0.665689149560117,0.375366568914956
9.792,0.671554252199413,0.373411534701857
9.8,0.67741935483871,0.372434017595308
9.808,0.684261974584555,0.370478983382209
9.816,0.689149560117302,0.36950146627566
9.824,0.69208211143695,0.36950146627566
9.832,0.69208211143695,0.371456500488759
9.84,0.689149560117302,0.375366568914956
9.848,0.682306940371456,0.380254154447703
9.856,0.673509286412512,0.387096774193548
9.864,0.66080156402737,0.396871945259042
9.872,0.647116324535679,0.409579667644184
9.88,0.63147605083089,0.425219941348974
9.888,0.6158357771261,0.442815249266862
9.896,0.601173020527859,0.4613880742913
9.904,0.589442815249267,0.480938416422287
9.912,0.578690127077224,0.500488758553275
9.92,0.571847507331378,0.520039100684262
9.928,0.566959921798632,0.539589442815249
9.936,0.563049853372434,0.559139784946237
9.944,0.561094819159335,0.574780058651026
9.952,0.560117302052786,0.589442815249267
9.96,0.560117302052786,0.605083088954057
9.968,0.560117302052786,0.620723362658847
9.976,0.560117302052786,0.634408602150538
9.984,0.559139784946237,0.64613880742913
9.992,0.556207233626588,0.655913978494624
